Michael Thomas,DeAndre Hopkins,Chris Godwin,Tyreek Hill,Davante Adams,D.J. Moore,Julian Edelman,Kenny Golladay,Julio Jones,Allen Robinson,Jarvis Landry,Robert Woods,Amari Cooper,Keenan Allen,DeVante Parker,Cooper Kupp,Stefon Diggs,A.J. Brown,Courtland Sutton,Michael Gallup,Emmanuel Sanders,Odell Beckham Jr.,Deebo Samuel,Adam Thielen,Christian Kirk,Terry McLaurin,Darius Slayton,Dede Westbrook,Tyler Lockett,D.K. Metcalf,John Brown,Sterling Shepard,Mike Williams,Marquise Brown,Tyler Boyd,Anthony Miller,Robby Anderson,Zach Pascal,Chris Conley,Golden Tate,Tyrell Williams,Jamison Crowder,Curtis Samuel,Cole Beasley,Larry Fitzgerald,Breshad Perriman,Allen Hurns,Diontae Johnson,Sammy Watkins,Danny Amendola,Randall Cobb,James Washington,Russell Gage,Corey Davis,Brandin Cooks
DeAndre Hopkins,Michael Thomas,Tyreek Hill,Chris Godwin,Davante Adams,D.J. Moore,Kenny Golladay,Julian Edelman,Julio Jones,Allen Robinson,Robert Woods,Jarvis Landry,Amari Cooper,Cooper Kupp,Keenan Allen,DeVante Parker,A.J. Brown,Stefon Diggs,Emmanuel Sanders,Odell Beckham Jr.,Courtland Sutton,Tyler Lockett,Christian Kirk,Michael Gallup,D.K. Metcalf,Deebo Samuel,Adam Thielen,Terry McLaurin,John Brown,Darius Slayton,Dede Westbrook,Mike Williams,Sterling Shepard,Robby Anderson,Tyler Boyd,Marquise Brown,Anthony Miller,Zach Pascal,Curtis Samuel,Chris Conley,Golden Tate,Tyrell Williams,Breshad Perriman,James Washington,Allen Hurns,Jamison Crowder,Cole Beasley,Larry Fitzgerald,Sammy Watkins,Diontae Johnson,Danny Amendola,Russell Gage,Brandin Cooks,Corey Davis,Randall Cobb
DeAndre Hopkins,Michael Thomas,Tyreek Hill,Chris Godwin,D.J. Moore,Davante Adams,Jarvis Landry,Julian Edelman,Kenny Golladay,Robert Woods,Julio Jones,Cooper Kupp,Keenan Allen,Allen Robinson,Stefon Diggs,DeVante Parker,A.J. Brown,Emmanuel Sanders,Deebo Samuel,Michael Gallup,Christian Kirk,Odell Beckham Jr.,Tyler Lockett,Amari Cooper,Adam Thielen,Courtland Sutton,Darius Slayton,D.K. Metcalf,Dede Westbrook,Terry McLaurin,Mike Williams,Sterling Shepard,Marquise Brown,Zach Pascal,John Brown,Curtis Samuel,Robby Anderson,Tyler Boyd,Golden Tate,Anthony Miller,Cole Beasley,Allen Hurns,Breshad Perriman,Tyrell Williams,Chris Conley,Sammy Watkins,Jamison Crowder,Larry Fitzgerald,Diontae Johnson,James Washington,Brandin Cooks,Randall Cobb,Danny Amendola,Corey Davis,Russell Gage
Chris Godwin,DeAndre Hopkins,Michael Thomas,Tyreek Hill,Davante Adams,D.J. Moore,Kenny Golladay,Julian Edelman,Julio Jones,Jarvis Landry,Amari Cooper,Allen Robinson,Robert Woods,Cooper Kupp,Keenan Allen,Odell Beckham Jr.,DeVante Parker,A.J. Brown,Stefon Diggs,Christian Kirk,Courtland Sutton,Emmanuel Sanders,Tyler Lockett,Michael Gallup,D.K. Metcalf,Darius Slayton,Deebo Samuel,John Brown,Terry McLaurin,Dede Westbrook,Adam Thielen,Anthony Miller,Mike Williams,Sterling Shepard,Marquise Brown,Tyler Boyd,Robby Anderson,Tyrell Williams,Zach Pascal,Golden Tate,Cole Beasley,Curtis Samuel,Breshad Perriman,Chris Conley,Sammy Watkins,James Washington,Jamison Crowder,Larry Fitzgerald,Diontae Johnson,Danny Amendola,Allen Hurns,Corey Davis,Russell Gage,Brandin Cooks,Randall Cobb
Chris Godwin,DeAndre Hopkins,Michael Thomas,Tyreek Hill,Davante Adams,Julian Edelman,Kenny Golladay,D.J. Moore,Julio Jones,Allen Robinson,Amari Cooper,Robert Woods,Jarvis Landry,Cooper Kupp,Keenan Allen,DeVante Parker,Michael Gallup,Stefon Diggs,A.J. Brown,Odell Beckham Jr.,Emmanuel Sanders,Tyler Lockett,Christian Kirk,Courtland Sutton,Darius Slayton,Terry McLaurin,Deebo Samuel,D.K. Metcalf,Dede Westbrook,Adam Thielen,John Brown,Mike Williams,Sterling Shepard,Anthony Miller,Robby Anderson,Marquise Brown,Tyler Boyd,Zach Pascal,Chris Conley,Golden Tate,Jamison Crowder,Tyrell Williams,Curtis Samuel,Breshad Perriman,Allen Hurns,Larry Fitzgerald,Diontae Johnson,Cole Beasley,Sammy Watkins,James Washington,Randall Cobb,Danny Amendola,Corey Davis,Brandin Cooks,Russell Gage
DeAndre Hopkins,Michael Thomas,Tyreek Hill,Chris Godwin,D.J. Moore,Davante Adams,Kenny Golladay,Jarvis Landry,Julio Jones,Julian Edelman,Allen Robinson,Robert Woods,A.J. Brown,Cooper Kupp,Amari Cooper,Keenan Allen,Odell Beckham Jr.,Emmanuel Sanders,Stefon Diggs,Tyler Lockett,DeVante Parker,Deebo Samuel,Christian Kirk,Courtland Sutton,Michael Gallup,D.K. Metcalf,Mike Williams,Terry McLaurin,Adam Thielen,Darius Slayton,Dede Westbrook,John Brown,Marquise Brown,Robby Anderson,Sterling Shepard,Zach Pascal,Tyler Boyd,Chris Conley,Anthony Miller,Curtis Samuel,Golden Tate,Breshad Perriman,Tyrell Williams,Jamison Crowder,James Washington,Allen Hurns,Sammy Watkins,Larry Fitzgerald,Cole Beasley,Danny Amendola,Russell Gage,Randall Cobb,Brandin Cooks,Diontae Johnson,Corey Davis
DeAndre Hopkins,Michael Thomas,Julio Jones,Davante Adams,Chris Godwin,Tyreek Hill,Julian Edelman,Allen Robinson,Kenny Golladay,D.J. Moore,Tyler Lockett,Jarvis Landry,Amari Cooper,Odell Beckham Jr.,Cooper Kupp,Keenan Allen,Robert Woods,DeVante Parker,Emmanuel Sanders,Courtland Sutton,D.K. Metcalf,Stefon Diggs,Mike Williams,John Brown,Christian Kirk,A.J. Brown,Michael Gallup,Terry McLaurin,Deebo Samuel,Golden Tate,Tyler Boyd,Robby Anderson,Zach Pascal,Sterling Shepard,Marquise Brown,Darius Slayton,Chris Conley,Adam Thielen,Allen Hurns,Dede Westbrook,Sammy Watkins,Curtis Samuel,Breshad Perriman,Danny Amendola,Anthony Miller,Tyrell Williams,Jamison Crowder,Cole Beasley,Brandin Cooks,Russell Gage,Larry Fitzgerald,James Washington,Corey Davis,Diontae Johnson,Randall Cobb
Chris Godwin,DeAndre Hopkins,Michael Thomas,Tyreek Hill,Julio Jones,Davante Adams,D.J. Moore,Julian Edelman,Kenny Golladay,Jarvis Landry,Allen Robinson,Keenan Allen,Cooper Kupp,Robert Woods,Amari Cooper,DeVante Parker,Courtland Sutton,A.J. Brown,Stefon Diggs,Odell Beckham Jr.,Emmanuel Sanders,Tyler Lockett,Christian Kirk,Michael Gallup,Adam Thielen,Darius Slayton,Deebo Samuel,Terry McLaurin,D.K. Metcalf,John Brown,Dede Westbrook,Mike Williams,Marquise Brown,Robby Anderson,Tyler Boyd,Sterling Shepard,Zach Pascal,Anthony Miller,Chris Conley,Golden Tate,Curtis Samuel,Jamison Crowder,Tyrell Williams,James Washington,Allen Hurns,Breshad Perriman,Cole Beasley,Sammy Watkins,Larry Fitzgerald,Diontae Johnson,Danny Amendola,Corey Davis,Russell Gage,Brandin Cooks,Randall Cobb
DeAndre Hopkins,Michael Thomas,Chris Godwin,Tyreek Hill,Davante Adams,Julian Edelman,Julio Jones,D.J. Moore,Kenny Golladay,Jarvis Landry,Allen Robinson,Robert Woods,Keenan Allen,Cooper Kupp,Stefon Diggs,DeVante Parker,Amari Cooper,A.J. Brown,Emmanuel Sanders,Odell Beckham Jr.,Michael Gallup,Tyler Lockett,Christian Kirk,Courtland Sutton,D.K. Metcalf,John Brown,Deebo Samuel,Terry McLaurin,Adam Thielen,Mike Williams,Sterling Shepard,Darius Slayton,Robby Anderson,Dede Westbrook,Anthony Miller,Tyler Boyd,Marquise Brown,Golden Tate,Zach Pascal,Jamison Crowder,Chris Conley,Tyrell Williams,Curtis Samuel,Breshad Perriman,James Washington,Allen Hurns,Larry Fitzgerald,Cole Beasley,Diontae Johnson,Russell Gage,Sammy Watkins,Danny Amendola,Randall Cobb,Corey Davis,Brandin Cooks
DeAndre Hopkins,Michael Thomas,Tyreek Hill,Chris Godwin,Davante Adams,Julian Edelman,Julio Jones,D.J. Moore,Kenny Golladay,Allen Robinson,Robert Woods,Keenan Allen,Jarvis Landry,Cooper Kupp,A.J. Brown,Stefon Diggs,Amari Cooper,Emmanuel Sanders,Deebo Samuel,Odell Beckham Jr.,Christian Kirk,Courtland Sutton,Tyler Lockett,Michael Gallup,John Brown,D.K. Metcalf,Adam Thielen,Mike Williams,Terry McLaurin,Dede Westbrook,Sterling Shepard,Zach Pascal,Robby Anderson,Marquise Brown,Tyler Boyd,Darius Slayton,Curtis Samuel,Anthony Miller,Tyrell Williams,Golden Tate,Chris Conley,Jamison Crowder,Breshad Perriman,Sammy Watkins,Allen Hurns,Larry Fitzgerald,James Washington,Brandin Cooks,Cole Beasley,Diontae Johnson,Danny Amendola,Russell Gage,Corey Davis,Randall Cobb,DeVante Parker
Chris Godwin,DeAndre Hopkins,Michael Thomas,Tyreek Hill,Amari Cooper,Davante Adams,Julio Jones,Julian Edelman,Robert Woods,D.J. Moore,Kenny Golladay,Cooper Kupp,Jarvis Landry,Allen Robinson,Keenan Allen,DeVante Parker,Stefon Diggs,A.J. Brown,Emmanuel Sanders,Odell Beckham Jr.,Michael Gallup,Courtland Sutton,Tyler Lockett,D.K. Metcalf,Mike Williams,Christian Kirk,Adam Thielen,Deebo Samuel,Terry McLaurin,Tyler Boyd,Dede Westbrook,Darius Slayton,John Brown,Marquise Brown,Sterling Shepard,Robby Anderson,Zach Pascal,Curtis Samuel,Chris Conley,Golden Tate,Anthony Miller,James Washington,Sammy Watkins,Danny Amendola,Tyrell Williams,Breshad Perriman,Randall Cobb,Diontae Johnson,Cole Beasley,Jamison Crowder,Brandin Cooks,Allen Hurns,Russell Gage,Corey Davis,Larry Fitzgerald
DeAndre Hopkins,Michael Thomas,Tyreek Hill,Chris Godwin,D.J. Moore,Julian Edelman,Julio Jones,Davante Adams,Kenny Golladay,Jarvis Landry,Allen Robinson,Robert Woods,Keenan Allen,Cooper Kupp,Amari Cooper,A.J. Brown,Courtland Sutton,Odell Beckham Jr.,Stefon Diggs,Tyler Lockett,Deebo Samuel,Emmanuel Sanders,Michael Gallup,DeVante Parker,D.K. Metcalf,Christian Kirk,Darius Slayton,Terry McLaurin,John Brown,Adam Thielen,Robby Anderson,Mike Williams,Dede Westbrook,Zach Pascal,Tyler Boyd,Marquise Brown,Sterling Shepard,Chris Conley,Anthony Miller,Curtis Samuel,Golden Tate,Jamison Crowder,Tyrell Williams,Sammy Watkins,Breshad Perriman,James Washington,Allen Hurns,Larry Fitzgerald,Cole Beasley,Brandin Cooks,Diontae Johnson,Russell Gage,Danny Amendola,Randall Cobb,Corey Davis
Chris Godwin,DeAndre Hopkins,Michael Thomas,Julio Jones,Davante Adams,Julian Edelman,Kenny Golladay,D.J. Moore,Tyreek Hill,Allen Robinson,Cooper Kupp,Keenan Allen,Robert Woods,Amari Cooper,Jarvis Landry,A.J. Brown,Michael Gallup,DeVante Parker,Stefon Diggs,Odell Beckham Jr.,Christian Kirk,Tyler Lockett,Deebo Samuel,Mike Williams,Courtland Sutton,John Brown,Adam Thielen,Terry McLaurin,Emmanuel Sanders,Darius Slayton,D.K. Metcalf,Sterling Shepard,Dede Westbrook,Robby Anderson,Tyler Boyd,Anthony Miller,Marquise Brown,Curtis Samuel,Zach Pascal,Chris Conley,Golden Tate,James Washington,Breshad Perriman,Allen Hurns,Tyrell Williams,Jamison Crowder,Diontae Johnson,Brandin Cooks,Larry Fitzgerald,Sammy Watkins,Danny Amendola,Randall Cobb,Corey Davis,Cole Beasley,Russell Gage
Chris Godwin,DeAndre Hopkins,Michael Thomas,Tyreek Hill,Davante Adams,D.J. Moore,Julio Jones,Julian Edelman,Kenny Golladay,Jarvis Landry,Allen Robinson,Keenan Allen,Amari Cooper,Robert Woods,Cooper Kupp,DeVante Parker,A.J. Brown,Stefon Diggs,Emmanuel Sanders,Odell Beckham Jr.,Christian Kirk,Michael Gallup,Tyler Lockett,Courtland Sutton,D.K. Metcalf,Adam Thielen,Darius Slayton,Deebo Samuel,John Brown,Mike Williams,Dede Westbrook,Terry McLaurin,Anthony Miller,Sterling Shepard,Robby Anderson,Marquise Brown,Tyler Boyd,Zach Pascal,Tyrell Williams,Chris Conley,Golden Tate,Curtis Samuel,Breshad Perriman,Jamison Crowder,James Washington,Allen Hurns,Diontae Johnson,Larry Fitzgerald,Cole Beasley,Sammy Watkins,Danny Amendola,Corey Davis,Randall Cobb,Brandin Cooks,Russell Gage
DeAndre Hopkins,Tyreek Hill,Michael Thomas,Chris Godwin,Kenny Golladay,Davante Adams,D.J. Moore,Allen Robinson,Amari Cooper,Jarvis Landry,Keenan Allen,Julio Jones,Courtland Sutton,Julian Edelman,Robert Woods,Mike Williams,A.J. Brown,Cooper Kupp,Stefon Diggs,Odell Beckham Jr.,Michael Gallup,Emmanuel Sanders,Tyler Lockett,Christian Kirk,Deebo Samuel,Terry McLaurin,Robby Anderson,Adam Thielen,Dede Westbrook,DeVante Parker,John Brown,Sterling Shepard,D.K. Metcalf,Marquise Brown,Curtis Samuel,Tyler Boyd,Anthony Miller,Darius Slayton,Zach Pascal,Golden Tate,Jamison Crowder,Sammy Watkins,Chris Conley,Allen Hurns,Tyrell Williams,Breshad Perriman,James Washington,Cole Beasley,Larry Fitzgerald,Brandin Cooks,Diontae Johnson,Danny Amendola,Corey Davis,Randall Cobb,Russell Gage
Chris Godwin,DeAndre Hopkins,Michael Thomas,Tyreek Hill,Davante Adams,Julian Edelman,Robert Woods,Jarvis Landry,Julio Jones,Keenan Allen,Odell Beckham Jr.,Cooper Kupp,D.J. Moore,Kenny Golladay,Allen Robinson,Amari Cooper,Tyler Boyd,Christian Kirk,Stefon Diggs,Courtland Sutton,Terry McLaurin,Mike Williams,Robby Anderson,Emmanuel Sanders,Darius Slayton,Michael Gallup,Dede Westbrook,John Brown,Tyler Lockett,Sterling Shepard,DeVante Parker,Deebo Samuel,Anthony Miller,A.J. Brown,D.K. Metcalf,Zach Pascal,Chris Conley,Curtis Samuel,Marquise Brown,Adam Thielen,Golden Tate,Larry Fitzgerald,Sammy Watkins,Tyrell Williams,Allen Hurns,Breshad Perriman,Cole Beasley,Jamison Crowder,Diontae Johnson,Russell Gage,James Washington,Danny Amendola,Brandin Cooks,Randall Cobb,Corey Davis
DeAndre Hopkins,Michael Thomas,Tyreek Hill,Chris Godwin,Davante Adams,D.J. Moore,Julian Edelman,Julio Jones,Allen Robinson,Kenny Golladay,Cooper Kupp,Keenan Allen,Robert Woods,Jarvis Landry,Amari Cooper,Stefon Diggs,Courtland Sutton,A.J. Brown,Odell Beckham Jr.,Michael Gallup,Emmanuel Sanders,Tyler Lockett,Christian Kirk,John Brown,Deebo Samuel,D.K. Metcalf,Terry McLaurin,Sterling Shepard,Mike Williams,Tyler Boyd,Dede Westbrook,Robby Anderson,Zach Pascal,Darius Slayton,Marquise Brown,Curtis Samuel,Anthony Miller,Golden Tate,Tyrell Williams,Jamison Crowder,James Washington,Sammy Watkins,Chris Conley,Breshad Perriman,Cole Beasley,Allen Hurns,Brandin Cooks,Larry Fitzgerald,Diontae Johnson,Russell Gage,DeVante Parker,Corey Davis,Randall Cobb,Adam Thielen,Danny Amendola
Tyreek Hill,DeAndre Hopkins,Michael Thomas,Kenny Golladay,Chris Godwin,Julio Jones,Davante Adams,Amari Cooper,Christian Kirk,A.J. Brown,Cooper Kupp,Keenan Allen,Odell Beckham Jr.,Courtland Sutton,D.J. Moore,Tyler Lockett,Julian Edelman,Robert Woods,Allen Robinson,Stefon Diggs,Jarvis Landry,Sterling Shepard,Michael Gallup,Robby Anderson,Tyrell Williams,Terry McLaurin,Adam Thielen,Tyler Boyd,Dede Westbrook,DeVante Parker,Chris Conley,Darius Slayton,Marquise Brown,D.K. Metcalf,Golden Tate,Deebo Samuel,John Brown,Sammy Watkins,Jamison Crowder,Emmanuel Sanders,Brandin Cooks,Danny Amendola,Mike Williams,Curtis Samuel,Corey Davis,Diontae Johnson,James Washington,Zach Pascal,Larry Fitzgerald,Cole Beasley,Breshad Perriman,Russell Gage,Anthony Miller,Allen Hurns,Randall Cobb
Chris Godwin,DeAndre Hopkins,Michael Thomas,Tyreek Hill,Julio Jones,Davante Adams,D.J. Moore,Julian Edelman,Kenny Golladay,Allen Robinson,Keenan Allen,Robert Woods,Jarvis Landry,Cooper Kupp,A.J. Brown,DeVante Parker,Christian Kirk,Stefon Diggs,Emmanuel Sanders,Courtland Sutton,Michael Gallup,Deebo Samuel,Tyler Lockett,Amari Cooper,Mike Williams,Odell Beckham Jr.,John Brown,Adam Thielen,D.K. Metcalf,Dede Westbrook,Terry McLaurin,Sterling Shepard,Darius Slayton,Marquise Brown,Zach Pascal,Robby Anderson,Tyler Boyd,Anthony Miller,Curtis Samuel,Tyrell Williams,Golden Tate,Breshad Perriman,Chris Conley,Sammy Watkins,Allen Hurns,James Washington,Jamison Crowder,Cole Beasley,Danny Amendola,Brandin Cooks,Larry Fitzgerald,Diontae Johnson,Corey Davis,Russell Gage,Randall Cobb
DeAndre Hopkins,Michael Thomas,Tyreek Hill,Chris Godwin,D.J. Moore,Davante Adams,Julio Jones,Julian Edelman,Kenny Golladay,Allen Robinson,Robert Woods,Keenan Allen,Jarvis Landry,Cooper Kupp,Amari Cooper,Stefon Diggs,Courtland Sutton,A.J. Brown,Emmanuel Sanders,Odell Beckham Jr.,DeVante Parker,Tyler Lockett,Christian Kirk,Michael Gallup,D.K. Metcalf,Deebo Samuel,Adam Thielen,John Brown,Terry McLaurin,Dede Westbrook,Darius Slayton,Mike Williams,Sterling Shepard,Marquise Brown,Robby Anderson,Tyler Boyd,Zach Pascal,Anthony Miller,Curtis Samuel,Golden Tate,Chris Conley,Jamison Crowder,Tyrell Williams,Sammy Watkins,Breshad Perriman,Allen Hurns,James Washington,Russell Gage,Cole Beasley,Larry Fitzgerald,Diontae Johnson,Brandin Cooks,Danny Amendola,Corey Davis,Randall Cobb
DeAndre Hopkins,Michael Thomas,Tyreek Hill,Chris Godwin,Davante Adams,Julian Edelman,Julio Jones,D.J. Moore,Kenny Golladay,Allen Robinson,Robert Woods,Keenan Allen,Jarvis Landry,Cooper Kupp,Amari Cooper,A.J. Brown,Stefon Diggs,DeVante Parker,Emmanuel Sanders,Courtland Sutton,Christian Kirk,Odell Beckham Jr.,Tyler Lockett,Michael Gallup,D.K. Metcalf,Adam Thielen,Deebo Samuel,Terry McLaurin,John Brown,Darius Slayton,Dede Westbrook,Mike Williams,Sterling Shepard,Tyler Boyd,Marquise Brown,Zach Pascal,Anthony Miller,Robby Anderson,Curtis Samuel,Golden Tate,Chris Conley,Tyrell Williams,Breshad Perriman,Sammy Watkins,James Washington,Jamison Crowder,Allen Hurns,Cole Beasley,Larry Fitzgerald,Diontae Johnson,Danny Amendola,Brandin Cooks,Corey Davis,Russell Gage,Randall Cobb
DeAndre Hopkins,Michael Thomas,Tyreek Hill,Chris Godwin,Davante Adams,Julian Edelman,Julio Jones,D.J. Moore,Kenny Golladay,Allen Robinson,Cooper Kupp,Keenan Allen,Robert Woods,Amari Cooper,Jarvis Landry,A.J. Brown,Courtland Sutton,Michael Gallup,Stefon Diggs,Odell Beckham Jr.,Emmanuel Sanders,Tyler Lockett,John Brown,Deebo Samuel,Christian Kirk,Mike Williams,Terry McLaurin,DeVante Parker,Sterling Shepard,Tyler Boyd,Adam Thielen,Darius Slayton,D.K. Metcalf,Robby Anderson,Dede Westbrook,Anthony Miller,Marquise Brown,Zach Pascal,Curtis Samuel,Tyrell Williams,Golden Tate,Chris Conley,Allen Hurns,James Washington,Breshad Perriman,Jamison Crowder,Sammy Watkins,Cole Beasley,Diontae Johnson,Larry Fitzgerald,Brandin Cooks,Corey Davis,Randall Cobb,Russell Gage,Danny Amendola
Chris Godwin,DeAndre Hopkins,Michael Thomas,Tyreek Hill,Davante Adams,Julian Edelman,Kenny Golladay,D.J. Moore,Julio Jones,Allen Robinson,Amari Cooper,Keenan Allen,Cooper Kupp,Robert Woods,Jarvis Landry,DeVante Parker,A.J. Brown,Christian Kirk,Stefon Diggs,Odell Beckham Jr.,Michael Gallup,Deebo Samuel,Tyler Lockett,Courtland Sutton,D.K. Metcalf,Darius Slayton,Emmanuel Sanders,Terry McLaurin,John Brown,Dede Westbrook,Sterling Shepard,Adam Thielen,Robby Anderson,Mike Williams,Anthony Miller,Marquise Brown,Zach Pascal,Tyler Boyd,Curtis Samuel,Golden Tate,Chris Conley,Tyrell Williams,Breshad Perriman,Jamison Crowder,Larry Fitzgerald,Diontae Johnson,Cole Beasley,Sammy Watkins,James Washington,Brandin Cooks,Allen Hurns,Danny Amendola,Randall Cobb,Corey Davis,Russell Gage
DeAndre Hopkins,Michael Thomas,Tyreek Hill,Chris Godwin,D.J. Moore,Davante Adams,Kenny Golladay,Allen Robinson,Jarvis Landry,Julian Edelman,Julio Jones,Robert Woods,Keenan Allen,Cooper Kupp,Amari Cooper,Stefon Diggs,A.J. Brown,Adam Thielen,Christian Kirk,Odell Beckham Jr.,Michael Gallup,Tyler Lockett,Emmanuel Sanders,Courtland Sutton,Terry McLaurin,D.K. Metcalf,Sterling Shepard,John Brown,DeVante Parker,Deebo Samuel,Chris Conley,Zach Pascal,Marquise Brown,Mike Williams,Darius Slayton,Robby Anderson,Golden Tate,Dede Westbrook,Anthony Miller,Tyler Boyd,Jamison Crowder,Curtis Samuel,Breshad Perriman,Tyrell Williams,James Washington,Sammy Watkins,Larry Fitzgerald,Cole Beasley,Diontae Johnson,Danny Amendola,Russell Gage,Allen Hurns,Brandin Cooks,Corey Davis,Randall Cobb
Chris Godwin,DeAndre Hopkins,Michael Thomas,Tyreek Hill,Davante Adams,Julian Edelman,Kenny Golladay,Allen Robinson,Julio Jones,D.J. Moore,Robert Woods,Amari Cooper,Keenan Allen,A.J. Brown,Michael Gallup,Jarvis Landry,DeVante Parker,Cooper Kupp,Stefon Diggs,Odell Beckham Jr.,Deebo Samuel,Courtland Sutton,Emmanuel Sanders,John Brown,Tyler Lockett,Christian Kirk,Darius Slayton,Terry McLaurin,Mike Williams,Adam Thielen,Dede Westbrook,D.K. Metcalf,Robby Anderson,Marquise Brown,Tyler Boyd,Anthony Miller,Sterling Shepard,Chris Conley,Zach Pascal,Golden Tate,Curtis Samuel,Breshad Perriman,Diontae Johnson,Tyrell Williams,James Washington,Larry Fitzgerald,Allen Hurns,Cole Beasley,Jamison Crowder,Danny Amendola,Russell Gage,Brandin Cooks,Randall Cobb,Corey Davis,Sammy Watkins
